ID,KOR,ENG,DE,SP,JP,CHS,CHT
TouchToPlay,터치하여 시작!,Tap to start!,Zum Start tippen!,¡Toca para comenzar!,タップして開始！,点击开始！,點擊開始！
Warning_DeleteIsland,다시는 같은 섬으로 돌아올 수 없습니다.,You cannot return to the same island.,Du kannst nicht zur selben Insel zurückkehren.,No puedes volver a la misma isla.,同じ島には戻れません。,无法返回同一座岛。,無法返回同一座島。
Warning_RemovePet,다시는 이 펫을 만날 수 없습니다.,You will never meet this pet again.,Du wirst dieses Haustier nie wieder treffen.,No volverás a ver a esta mascota.,このペットには二度と会えません。,将再也无法遇到这只宠物。,將再也無法遇到這隻寵物。
Warning_AffinityReset,호감도가 초기화됩니다.,Affinity will be reset.,Die Zuneigung wird zurückgesetzt.,La afinidad se restablecerá.,好感度がリセットされます。,好感度将被重置。,好感度將被重置。
Confirm_UseBooster,이 펫을 성장시키시겠습니까?,Do you want to grow this pet?,Möchtest du dieses Haustier wachsen lassen?,¿Quieres hacer crecer a esta mascota?,このペットを成長させますか？,要让这只宠物成长吗？,要讓這隻寵物成長嗎？
Warning_GoBackHome,마을로 돌아가시겠습니까?,Return to the village?,Zurück ins Dorf?,¿Volver al pueblo?,村に戻りますか？,要返回村庄吗？,要返回村莊嗎？
Asking_MoveToShop,아이템이 부족합니다.\n상점으로 이동하시겠습니까?,Not enough items.\nGo to the shop?,Nicht genug Gegenstände.\nZum Shop gehen?,No tienes suficientes objetos.\n¿Ir a la tienda?,アイテムが足りません。\nショップへ移動しますか？,道具不足。\n要前往商店吗？,道具不足。\n要前往商店嗎？
Asking_MoveToShopForEnergy,에너지가 부족합니다.\n상점으로 이동하시겠습니까?,Not enough energy.\nGo to the shop?,Nicht genug Energie.\nZum Shop gehen?,No tienes suficiente energía.\n¿Ir a la tienda?,エネルギーが足りません。\nショップへ移動しますか？,能量不足。\n要前往商店吗？,能量不足。\n要前往商店嗎？
Asking_MoveToShopForMoney,코인이 부족합니다.\n상점으로 이동하시겠습니까?,Not enough coins.\nGo to the shop?,Nicht genug Münzen.\nZum Shop gehen?,No tienes suficientes monedas.\n¿Ir a la tienda?,コインが足りません。\nショップへ移動しますか？,金币不足。\n要前往商店吗？,金幣不足。\n要前往商店嗎？
Asking_MoveToShopForSlot,펫 슬롯이 부족합니다.\n상점으로 이동하시겠습니까?,Not enough pet slots.\nGo to the shop?,Nicht genug Haustier-Slots.\nZum Shop gehen?,No tienes suficientes espacios de mascota.\n¿Ir a la tienda?,ペットスロットが足りません。\nショップへ移動しますか？,宠物槽位不足。\n要前往商店吗？,寵物槽位不足。\n要前往商店嗎？
Item_GeneGuarantor,"선택한 유전자가 자식에게 우성으로 유전됩니다.\n<color=red>단, 교배 상대도 같은 유전자 타입에 우선 적용이 되어 있다면 우성/열성은 50:50 확률로 결정됩니다.</color>","The selected gene will be inherited as dominant by the offspring.\n<color=red>However, if the breeding partner also has Priority Apply on the same gene type, dominance will be decided with a 50:50 chance.</color>","Das ausgewählte Gen wird vom Nachwuchs als dominant vererbt.\n<color=red>Wenn der Zuchtpartner jedoch beim gleichen Gentyp ebenfalls „Priorität anwenden“ nutzt, wird dominant/rezessiv mit 50:50 Chance entschieden.</color>","El gen seleccionado se heredará como dominante en la cría.\n<color=red>Sin embargo, si la pareja también ha aplicado «Aplicación prioritaria» al mismo tipo de gen, la dominancia se decidirá con una probabilidad 50:50.</color>",選択した遺伝子は子どもに優性として受け継がれます。\n<color=red>ただし、交配相手も同じ遺伝子タイプに「優先適用」を使用している場合、優性／劣性は50:50の確率で決まります。</color>,所选基因将以显性遗传给后代。\n<color=red>但如果配对对象也对相同的基因类型使用了“优先适用”，显性/隐性将以50:50的概率决定。</color>,所選基因將以顯性遺傳給後代。\n<color=red>但如果配對對象也對相同的基因類型使用了「優先適用」，顯性／隱性將以50:50的機率決定。</color>
Item_GeneScissors,유전자를 잘라 유전을 막습니다.\n한 유전자 타입에서 한쪽에만 사용할 수 있습니다.,Cut the gene to block its inheritance.\nYou can use it on only one side of a gene type.,"Schneide das Gen ab, um die Vererbung zu blockieren.\nPro Gentyp kann es nur auf einer Seite verwendet werden.",Corta el gen para impedir su herencia.\nSolo se puede usar en un lado dentro de un mismo tipo de gen.,遺伝子を切り取り、遺伝を防ぎます。\n1つの遺伝子タイプにつき片側にのみ使用できます。,剪切基因以阻止遗传。\n在同一基因类型中只能对一侧使用。,剪切基因以阻止遺傳。\n在同一基因類型中只能對一側使用。
Item_GeneGlue,잘린 유전자를 복구합니다.,Restore the cut gene.,Stelle das abgeschnittene Gen wieder her.,Restaura el gen cortado.,切り取った遺伝子を復元します。,恢复被剪切的基因。,恢復被剪切的基因。
Confirm_GeneGuarantor,이 유전자를 우성으로 우선 적용하시겠습니까?\n<color=red>상대도 같은 유전자 타입에 우선 적용이 되어 있다면 우성/열성은 50:50 확률로 결정됩니다.</color>,"Apply Dominant Priority to this gene?\n<color=red>If the partner also has Priority Apply on the same gene type, dominance will be decided with a 50:50 chance.</color>","„Dominant-Priorität“ auf dieses Gen anwenden?\n<color=red>Wenn der Partner beim gleichen Gentyp ebenfalls „Priorität anwenden“ nutzt, wird dominant/rezessiv mit 50:50 Chance entschieden.</color>","¿Aplicar «Prioridad dominante» a este gen?\n<color=red>Si la pareja también ha aplicado «Aplicación prioritaria» al mismo tipo de gen, la dominancia se decidirá con una probabilidad 50:50.</color>",この遺伝子に優性の優先適用をしますか？\n<color=red>相手も同じ遺伝子タイプに「優先適用」を使用している場合、優性／劣性は50:50の確率で決まります。</color>,要对该基因使用“显性优先适用”吗？\n<color=red>如果对方也对相同的基因类型使用了“优先适用”，显性/隐性将以50:50的概率决定。</color>,要對該基因使用「顯性優先適用」嗎？\n<color=red>如果對方也對相同的基因類型使用了「優先適用」，顯性／隱性將以50:50的機率決定。</color>
Confirm_GeneGuarantorCancel,이 유전자의 우선 적용을 취소하시겠습니까?\n아이템은 반환되지 않습니다.,Cancel Priority Apply for this gene?\nThe item will not be refunded.,„Priorität anwenden“ für dieses Gen aufheben?\nDer Gegenstand wird nicht zurückerstattet.,¿Cancelar «Aplicación prioritaria» para este gen?\nNo se reembolsará el objeto.,この遺伝子の優先適用を解除しますか？\nアイテムは返却されません。,要取消该基因的“优先适用”吗？\n道具不予返还。,要取消該基因的「優先適用」嗎？\n道具不予返還。
PopUp_AlreadyGrown,더 이상 성장할 수 없습니다.,This pet can no longer grow.,Dieses Haustier kann nicht weiter wachsen.,Ya no puede crecer más.,これ以上成長できません。,无法再成长了。,無法再成長了。
PopUp_SomethingWentWrong,알 수 없는 오류가 발생했습니다.\n게임을 다시 시작해 주세요.,An unknown error occurred.\nPlease restart the game.,Ein unbekannter Fehler ist aufgetreten.\nBitte starte das Spiel neu.,Se produjo un error desconocido.\nReinicia el juego.,不明なエラーが発生しました。\nゲームを再起動してください。,发生未知错误。\n请重新启动游戏。,發生未知錯誤。\n請重新啟動遊戲。
PopUp_AleadyGuaranteed,이미 우선 적용된 유전자입니다.,This gene already has Priority Apply.,Für dieses Gen wurde „Priorität anwenden“ bereits verwendet.,Este gen ya tiene «Aplicación prioritaria».,この遺伝子にはすでに優先適用されています。,该基因已被优先适用。,該基因已被優先適用。
PopUp_NoMoney,코인이 부족합니다.,Not enough coins.,Nicht genug Münzen.,No tienes suficientes monedas.,コインが足りません。,金币不足。,金幣不足。
PopUp_NoGem,보석이 부족합니다.,Not enough gems.,Nicht genug Edelsteine.,No tienes suficientes gemas.,宝石が足りません。,宝石不足。,寶石不足。
PopUp_TooYoungForInfo,펫이 너무 어립니다.,This pet is too young.,Dieses Haustier ist zu jung.,Esta mascota es demasiado joven.,ペットがまだ幼すぎます。,这只宠物太幼小了。,這隻寵物太幼小了。
PopUp_TooYoungForIsland,소유한 성체 펫이 없습니다.,You don't have any adult pets.,Du besitzt kein erwachsenes Haustier.,No tienes ninguna mascota adulta.,所持している成体がいません。,没有拥有的成体宠物。,沒有擁有的成體寵物。
PopUp_TooYoungForReleased,알은 방생할 수 없습니다.,Eggs cannot be released.,Eier können nicht freigelassen werden.,No se pueden liberar los huevos.,卵は放生できません。,蛋无法放生。,蛋無法放生。
PopUp_AlreadyMaxPet,이미 최대 수의 펫을 보유하고 있습니다.,You already have the maximum number of pets.,Du besitzt bereits die maximale Anzahl an Haustieren.,Ya tienes el número máximo de mascotas.,すでに最大数のペットを所持しています。,已拥有最大数量的宠物。,已擁有最大數量的寵物。
PopUp_EmptyName,이름은 비워둘 수 없습니다.,The name cannot be empty.,Der Name darf nicht leer sein.,El nombre no puede estar vacío.,名前は空欄にできません。,名字不能为空。,名字不能為空。
PopUp_TooLongName,이름이 너무 깁니다.,The name is too long.,Der Name ist zu lang.,El nombre es demasiado largo.,名前が長すぎます。,名字太长了。,名字太長了。
PopUp_AlreadyCut,이미 잘린 유전자에는 사용할 수 없습니다.,You can't use this on a gene that has already been cut.,Das kann nicht auf ein bereits abgeschnittenes Gen angewendet werden.,No puedes usar esto en un gen que ya ha sido cortado.,すでに切り取られた遺伝子には使用できません。,无法对已被剪切的基因使用。,無法對已被剪切的基因使用。
Fixed_SpawnRandomPet, 랜덤 소환,Random Spawn,Zufallsbeschwörung,Invocación aleatoria,ランダム召喚,随机召唤,隨機召喚
Fixed_Yes,네,Yes,Ja,Sí,はい,是,是
Fixed_No,아니요,No,Nein,No,いいえ,否,否
Fixed_NameYourPet,이름을 지어주세요!,Please name your pet!,Bitte gib deinem Haustier einen Namen!,¡Ponle un nombre a tu mascota!,ペットに名前をつけてください！,请给你的宠物起个名字！,請給你的寵物取個名字！
Fixed_Confirm,확인,Confirm,Bestätigen,Confirmar,確認,确认,確認
Fixed_WatchToBring,광고 보고 찾기,Watch an ad to find it,"Werbung ansehen, um es zu finden",Ver un anuncio para encontrarlo,広告を見て探す,看广告寻找,看廣告尋找
Button_GetReward,보상 받기,Claim,Belohnung abholen,Reclamar recompensa,報酬を受け取る,领取奖励,領取獎勵
Button_DailyRewardGranted,모두 수령함,Claimed,Abgeholt,Reclamado,受け取り済み,已领取,已領取
Tutorial_FirstVisit0,안녕하세요!,안녕하세요!,안녕하세요!,안녕하세요!,안녕하세요!,안녕하세요!,안녕하세요!
Tutorial_FirstVisit1,반가워용,반가워용,반가워용,반가워용,반가워용,반가워용,반가워용
Tutorial_FirstVisit2,아아아아아아아아아아,아아아아아아아아아아,아아아아아아아아아아,아아아아아아아아아아,아아아아아아아아아아,아아아아아아아아아아,아아아아아아아아아아
Tutorial_FirstVisit3,튜토리얼 랄랄랄,튜토리얼 랄랄랄,튜토리얼 랄랄랄,튜토리얼 랄랄랄,튜토리얼 랄랄랄,튜토리얼 랄랄랄,튜토리얼 랄랄랄
Tutorial_FirstVisit4,테스트테스트,테스트테스트,테스트테스트,테스트테스트,테스트테스트,테스트테스트,테스트테스트
Tutorial_FirstVisit5,아 테스형,아 테스형,아 테스형,아 테스형,아 테스형,아 테스형,아 테스형
Tutorial_FirstVisit6,여섯뻔쨰,여섯뻔쨰,여섯뻔쨰,여섯뻔쨰,여섯뻔쨰,여섯뻔쨰,여섯뻔쨰
Tutorial_FirstVisit7,7번째,7번째,7번째,7번째,7번째,7번째,7번째
Tutorial_FirstVisit8,힘들다,힘들다,힘들다,힘들다,힘들다,힘들다,힘들다
Tutorial_FirstVisit9,하나남음,하나남음,하나남음,하나남음,하나남음,하나남음,하나남음
Tutorial_FirstVisit10,이제 알을 소환해 봐요!,이제 알을 소환해 봐요!,이제 알을 소환해 봐요!,이제 알을 소환해 봐요!,이제 알을 소환해 봐요!,이제 알을 소환해 봐요!,이게 마지막
Tutorial_FirstVisit11,잘 했어요!\n지금 화면을 간단히 설명드릴게요.,질 헸어요!\n지금 화면을 간단히 설명드릴게요.,질 헸어요!\n지금 화면을 간단히 설명드릴게요.,질 헸어요!\n지금 화면을 간단히 설명드릴게요.,질 헸어요!\n지금 화면을 간단히 설명드릴게요.,잘 했어요!\n지금 화면을 간단히 설명드릴게요.,질 헸어요!\n지금 화면을 간단히 설명드릴게요.
Tutorial_FirstVisit12,나중에 알을 획득하시면 여기에서 리스트를 볼 수 있어요.,나중에 알을 획득하시면 여기에서 리스트를 볼 수 있어요.,나중에 알을 획득하시면 여기에서 리스트를 볼 수 있어요.,나중에 알을 획득하시면 여기에서 리스트를 볼 수 있어요.,나중에 알을 획득하시면 여기에서 리스트를 볼 수 있어요.,나중에 알을 획득하시면 여기에서 리스트를 볼 수 있어요.,나중에 알을 획득하시면 여기에서 리스트를 볼 수 있어요.
Tutorial_FirstVisit13,알은 3개 까지만 획득 가능하고 소환시 돈이 들지않아요.,알은 3개 까지만 획득 가능하고 소환시 돈이 들지않아요.,알은 3개 까지만 획득 가능하고 소환시 돈이 들지않아요.,알은 3개 까지만 획득 가능하고 소환시 돈이 들지않아요.,알은 3개 까지만 획득 가능하고 소환시 돈이 들지않아요.,알은 3개 까지만 획득 가능하고 소환시 돈이 들지않아요.,알은 3개 까지만 획득 가능하고 소환시 돈이 들지않아요.
Tutorial_FirstVisit14,지금은 알이 없으니까 랜덤소환 버튼을 눌러볼까요?,지금은 알이 없으니까 랜덤소환 버튼을 눌러볼까요?,지금은 알이 없으니까 랜덤소환 버튼을 눌러볼까요?,지금은 알이 없으니까 랜덤소환 버튼을 눌러볼까요?,지금은 알이 없으니까 랜덤소환 버튼을 눌러볼까요?,지금은 알이 없으니까 랜덤소환 버튼을 눌러볼까요?,지금은 알이 없으니까 랜덤소환 버튼을 눌러볼까요?
Tutorial_FirstVisit15,좋아요! 첫 알이에요! 클릭해볼까요?,좋아요! 첫 알이에요! 클릭해볼까요?,좋아요! 첫 알이에요! 클릭해볼까요?,좋아요! 첫 알이에요! 클릭해볼까요?,좋아요! 첫 알이에요! 클릭해볼까요?,좋아요! 첫 알이에요! 클릭해볼까요?,좋아요! 첫 알이에요! 클릭해볼까요?
Tutorial_FirstVisit16,"알의 색깔은 등급에 따라 ""베이지"", ""파랑"", ""핑크"", ""노랑"" 세가지 색깔이 있고, 노랑이 가장 높은 등급이에요!","알의 색깔은 등급에 따라 ""베이지"", ""파랑"", ""핑크"", ""노랑"" 세가지 색깔이 있고, 노랑이 가장 높은 등급이에요!","알의 색깔은 등급에 따라 ""베이지"", ""파랑"", ""핑크"", ""노랑"" 세가지 색깔이 있고, 노랑이 가장 높은 등급이에요!","알의 색깔은 등급에 따라 ""베이지"", ""파랑"", ""핑크"", ""노랑"" 세가지 색깔이 있고, 노랑이 가장 높은 등급이에요!","알의 색깔은 등급에 따라 ""베이지"", ""파랑"", ""핑크"", ""노랑"" 세가지 색깔이 있고, 노랑이 가장 높은 등급이에요!","알의 색깔은 등급에 따라 ""베이지"", ""파랑"", ""핑크"", ""노랑"" 세가지 색깔이 있고, 노랑이 가장 높은 등급이에요!","알의 색깔은 등급에 따라 ""베이지"", ""파랑"", ""핑크"", ""노랑"" 세가지 색깔이 있고, 노랑이 가장 높은 등급이에요!"
Tutorial_FirstVisit17,알의 등급은 개체가 가진 유전자들의 등급중 최고등급으로 설정돼요.,알의 등급은 개체가 가진 유전자들의 등급중 최고등급으로 설정돼요.,알의 등급은 개체가 가진 유전자들의 등급중 최고등급으로 설정돼요.,알의 등급은 개체가 가진 유전자들의 등급중 최고등급으로 설정돼요.,알의 등급은 개체가 가진 유전자들의 등급중 최고등급으로 설정돼요.,알의 등급은 개체가 가진 유전자들의 등급중 최고등급으로 설정돼요.,알의 등급은 개체가 가진 유전자들의 등급중 최고등급으로 설정돼요.
Tutorial_FirstVisit18,숨어있는 유전자의 등급이 높을 수도 있어요.,숨어있는 유전자의 등급이 높을 수도 있어요.,숨어있는 유전자의 등급이 높을 수도 있어요.,숨어있는 유전자의 등급이 높을 수도 있어요.,숨어있는 유전자의 등급이 높을 수도 있어요.,숨어있는 유전자의 등급이 높을 수도 있어요.,숨어있는 유전자의 등급이 높을 수도 있어요.
Tutorial_FirstVisit19,알이 부화하는데까진 10분정도 걸려요..\n이걸 하나 드릴테니 써보실래요?,알이 부화하는데까진 10분정도 걸려요..\n이걸 하나 드릴테니 써보실래요?,알이 부화하는데까진 10분정도 걸려요..\n이걸 하나 드릴테니 써보실래요?,알이 부화하는데까진 10분정도 걸려요..\n이걸 하나 드릴테니 써보실래요?,알이 부화하는데까진 10분정도 걸려요..\n이걸 하나 드릴테니 써보실래요?,알이 부화하는데까진 10분정도 걸려요..\n이걸 하나 드릴테니 써보실래요?,알이 부화하는데까진 10분정도 걸려요..\n이걸 하나 드릴테니 써보실래요?
Tutorial_FirstVisit20,이건 성장 부스터에요.\n펫에게 사용하면 바로 다음단계로 성장 시킬 수 있어요.\n 사용해봐요!,이건 성장 부스터에요.\n펫에게 사용하면 바로 다음단계로 성장 시킬 수 있어요.\n 사용해봐요!,이건 성장 부스터에요.\n펫에게 사용하면 바로 다음단계로 성장 시킬 수 있어요.\n 사용해봐요!,이건 성장 부스터에요.\n펫에게 사용하면 바로 다음단계로 성장 시킬 수 있어요.\n 사용해봐요!,이건 성장 부스터에요.\n펫에게 사용하면 바로 다음단계로 성장 시킬 수 있어요.\n 사용해봐요!,이건 성장 부스터에요.\n펫에게 사용하면 바로 다음단계로 성장 시킬 수 있어요.\n 사용해봐요!,이건 성장 부스터에요.\n펫에게 사용하면 바로 다음단계로 성장 시킬 수 있어요.\n 사용해봐요!
Tutorial_FirstVisit21,첫 펫이에요!\n이름을 지어주세요!,첫 펫이에요!\n이름을 지어주세요!,첫 펫이에요!\n이름을 지어주세요!,첫 펫이에요!\n이름을 지어주세요!,첫 펫이에요!\n이름을 지어주세요!,첫 펫이에요!\n이름을 지어주세요!,첫 펫이에요!\n이름을 지어주세요!
Tutorial_FirstVisit22,좋아요! 이제 할수있는것들을 알려드릴게요!,좋아요! 이제 할수있는것들을 알려드릴게요!,좋아요! 이제 할수있는것들을 알려드릴게요!,좋아요! 이제 할수있는것들을 알려드릴게요!,좋아요! 이제 할수있는것들을 알려드릴게요!,좋아요! 이제 할수있는것들을 알려드릴게요!,좋아요! 이제 할수있는것들을 알려드릴게요!
Tutorial_FirstVisit23,"펫의 상태 정보를 볼 수 있어요 왼쪽에서부터 포만도, 청결도,행복도, 체력 이에요 ","펫의 상태 정보를 볼 수 있어요 왼쪽에서부터 포만도, 청결도,행복도, 체력 이에요 ","펫의 상태 정보를 볼 수 있어요 왼쪽에서부터 포만도, 청결도,행복도, 체력 이에요 ","펫의 상태 정보를 볼 수 있어요 왼쪽에서부터 포만도, 청결도,행복도, 체력 이에요 ","펫의 상태 정보를 볼 수 있어요 왼쪽에서부터 포만도, 청결도,행복도, 체력 이에요 ","펫의 상태 정보를 볼 수 있어요 왼쪽에서부터 포만도, 청결도,행복도, 체력 이에요 ","펫의 상태 정보를 볼 수 있어요 왼쪽에서부터 포만도, 청결도,행복도, 체력 이에요 "
Tutorial_FirstVisit24,이름 아래 바는 경험치에요!\n펫이 성장하려면 성장에 필요한 시간과 경험치가 충족되어야해요.,이름 아래 바는 경험치에요!\n펫이 성장하려면 성장에 필요한 시간과 경험치가 충족되어야해요.,이름 아래 바는 경험치에요!\n펫이 성장하려면 성장에 필요한 시간과 경험치가 충족되어야해요.,이름 아래 바는 경험치에요!\n펫이 성장하려면 성장에 필요한 시간과 경험치가 충족되어야해요.,이름 아래 바는 경험치에요!\n펫이 성장하려면 성장에 필요한 시간과 경험치가 충족되어야해요.,이름 아래 바는 경험치에요!\n펫이 성장하려면 성장에 필요한 시간과 경험치가 충족되어야해요.,이름 아래 바는 경험치에요!\n펫이 성장하려면 성장에 필요한 시간과 경험치가 충족되어야해요.
Tutorial_FirstVisit25,"놀아주기에요!\n미니게임을 해서 골드, 아이템, 운이 좋으면 알까지 얻을 수 있어요!","놀아주기에요!\n미니게임을 해서 골드, 아이템, 운이 좋으면 알까지 얻을 수 있어요!","놀아주기에요!\n미니게임을 해서 골드, 아이템, 운이 좋으면 알까지 얻을 수 있어요!","놀아주기에요!\n미니게임을 해서 골드, 아이템, 운이 좋으면 알까지 얻을 수 있어요!","놀아주기에요!\n미니게임을 해서 골드, 아이템, 운이 좋으면 알까지 얻을 수 있어요!","놀아주기에요!\n미니게임을 해서 골드, 아이템, 운이 좋으면 알까지 얻을 수 있어요!","놀아주기에요!\n미니게임을 해서 골드, 아이템, 운이 좋으면 알까지 얻을 수 있어요!"
Tutorial_FirstVisit26,미니게임은 에너지를 소비하고 여기에서 볼 수 있어요,미니게임은 에너지를 소비하고 여기에서 볼 수 있어요,미니게임은 에너지를 소비하고 여기에서 볼 수 있어요,미니게임은 에너지를 소비하고 여기에서 볼 수 있어요,미니게임은 에너지를 소비하고 여기에서 볼 수 있어요,미니게임은 에너지를 소비하고 여기에서 볼 수 있어요,미니게임은 에너지를 소비하고 여기에서 볼 수 있어요
Tutorial_FirstVisit27,펫이 배고파할땐 바나나를 주세요!\n바나나를 참 좋아한답니다.,펫이 배고파할땐 바나나를 주세요!\n바나나를 참 좋아한답니다.,펫이 배고파할땐 바나나를 주세요!\n바나나를 참 좋아한답니다.,펫이 배고파할땐 바나나를 주세요!\n바나나를 참 좋아한답니다.,펫이 배고파할땐 바나나를 주세요!\n바나나를 참 좋아한답니다.,펫이 배고파할땐 바나나를 주세요!\n바나나를 참 좋아한답니다.,펫이 배고파할땐 바나나를 주세요!\n바나나를 참 좋아한답니다.
Tutorial_FirstVisit28,"먹이는 바나나, 스페셜 바나나가 있어요\n스페셜 바나나를 먹이면 경험치도 증가해요!","먹이는 바나나, 스페셜 바나나가 있어요\n스페셜 바나나를 먹이면 경험치도 증가해요!","먹이는 바나나, 스페셜 바나나가 있어요\n스페셜 바나나를 먹이면 경험치도 증가해요!","먹이는 바나나, 스페셜 바나나가 있어요\n스페셜 바나나를 먹이면 경험치도 증가해요!","먹이는 바나나, 스페셜 바나나가 있어요\n스페셜 바나나를 먹이면 경험치도 증가해요!","먹이는 바나나, 스페셜 바나나가 있어요\n스페셜 바나나를 먹이면 경험치도 증가해요!","먹이는 바나나, 스페셜 바나나가 있어요\n스페셜 바나나를 먹이면 경험치도 증가해요!"
Tutorial_FirstVisit29,약이에요.\n펫이 아파한다면 먹여주세요.,약이에요.\n펫이 아파한다면 먹여주세요.,약이에요.\n펫이 아파한다면 먹여주세요.,약이에요.\n펫이 아파한다면 먹여주세요.,약이에요.\n펫이 아파한다면 먹여주세요.,약이에요.\n펫이 아파한다면 먹여주세요.,약이에요.\n펫이 아파한다면 먹여주세요.
Tutorial_FirstVisit30,씻기기에요! 브러쉬를 들고 펫을 씻겨줄 수 있어요!,씻기기에요! 브러쉬를 들고 펫을 씻겨줄 수 있어요!,씻기기에요! 브러쉬를 들고 펫을 씻겨줄 수 있어요!,씻기기에요! 브러쉬를 들고 펫을 씻겨줄 수 있어요!,씻기기에요! 브러쉬를 들고 펫을 씻겨줄 수 있어요!,씻기기에요! 브러쉬를 들고 펫을 씻겨줄 수 있어요!,씻기기에요! 브러쉬를 들고 펫을 씻겨줄 수 있어요!
Tutorial_FirstVisit31,유전자 정보를 볼 수 있어요!\n유전자 편집을 통해서 원하는 개체를 얻어보세요!,유전자 정보를 볼 수 있어요!\n유전자 편집을 통해서 원하는 개체를 얻어보세요!,유전자 정보를 볼 수 있어요!\n유전자 편집을 통해서 원하는 개체를 얻어보세요!,유전자 정보를 볼 수 있어요!\n유전자 편집을 통해서 원하는 개체를 얻어보세요!,유전자 정보를 볼 수 있어요!\n유전자 편집을 통해서 원하는 개체를 얻어보세요!,유전자 정보를 볼 수 있어요!\n유전자 편집을 통해서 원하는 개체를 얻어보세요!,유전자 정보를 볼 수 있어요!\n유전자 편집을 통해서 원하는 개체를 얻어보세요!
Tutorial_FirstVisit32,유전자 편집은 어른 개체만 가능해요. 펫이 어른이 되면 다시 알려드릴게요!,유전자 편집은 어른 개체만 가능해요. 펫이 어른이 되면 다시 알려드릴게요!,유전자 편집은 어른 개체만 가능해요. 펫이 어른이 되면 다시 알려드릴게요!,유전자 편집은 어른 개체만 가능해요. 펫이 어른이 되면 다시 알려드릴게요!,유전자 편집은 어른 개체만 가능해요. 펫이 어른이 되면 다시 알려드릴게요!,유전자 편집은 어른 개체만 가능해요. 펫이 어른이 되면 다시 알려드릴게요!,유전자 편집은 어른 개체만 가능해요. 펫이 어른이 되면 다시 알려드릴게요!
Tutorial_FirstVisit33,가계도를 볼 수 있어요!,가계도를 볼 수 있어요!,가계도를 볼 수 있어요!,가계도를 볼 수 있어요!,가계도를 볼 수 있어요!,가계도를 볼 수 있어요!,가계도를 볼 수 있어요!
Tutorial_FirstVisit34,방생은 좀 나쁜말같고 뭐라고해야할까 암튼 그런거에요,방생은 좀 나쁜말같고 뭐라고해야할까 암튼 그런거에요,방생은 좀 나쁜말같고 뭐라고해야할까 암튼 그런거에요,방생은 좀 나쁜말같고 뭐라고해야할까 암튼 그런거에요,방생은 좀 나쁜말같고 뭐라고해야할까 암튼 그런거에요,방생은 좀 나쁜말같고 뭐라고해야할까 암튼 그런거에요,방생은 좀 나쁜말같고 뭐라고해야할까 암튼 그런거에요
Tutorial_FirstVisit35,암튼 잘 키워주세용,암튼 잘 키워주세용,암튼 잘 키워주세용,암튼 잘 키워주세용,암튼 잘 키워주세용,암튼 잘 키워주세용,암튼 잘 키워주세용
,,,,,,,
Tutorial_FirstGeneEdit0,오셨군요! 기다리고 있었어요!,오셨군요! 기다리고 있었어요!,오셨군요! 기다리고 있었어요!,오셨군요! 기다리고 있었어요!,오셨군요! 기다리고 있었어요!,오셨군요! 기다리고 있었어요!,오셨군요! 기다리고 있었어요!
Tutorial_FirstGeneEdit1,여기에서는 다음 세대에게 전해질 유전자를 편집할 수 있어요,여기에서는 다음 세대에게 전해질 유전자를 편집할 수 있어요,여기에서는 다음 세대에게 전해질 유전자를 편집할 수 있어요,여기에서는 다음 세대에게 전해질 유전자를 편집할 수 있어요,여기에서는 다음 세대에게 전해질 유전자를 편집할 수 있어요,여기에서는 다음 세대에게 전해질 유전자를 편집할 수 있어요,여기에서는 다음 세대에게 전해질 유전자를 편집할 수 있어요
Tutorial_FirstGeneEdit2,바쁘실테니 빠르게 설명드릴게요!,바쁘실테니 빠르게 설명드릴게요!,바쁘실테니 빠르게 설명드릴게요!,바쁘실테니 빠르게 설명드릴게요!,바쁘실테니 빠르게 설명드릴게요!,바쁘실테니 빠르게 설명드릴게요!,바쁘실테니 빠르게 설명드릴게요!
Tutorial_FirstGeneEdit3,페이켓의 유전자 종류에요.\n편집을 원하는 유전자의 버튼을 클릭해서 편집하면 돼요.,페이켓의 유전자 종류에요.\n편집을 원하는 유전자의 버튼을 클릭해서 편집하면 돼요.,페이켓의 유전자 종류에요.\n편집을 원하는 유전자의 버튼을 클릭해서 편집하면 돼요.,페이켓의 유전자 종류에요.\n편집을 원하는 유전자의 버튼을 클릭해서 편집하면 돼요.,페이켓의 유전자 종류에요.\n편집을 원하는 유전자의 버튼을 클릭해서 편집하면 돼요.,페이켓의 유전자 종류에요.\n편집을 원하는 유전자의 버튼을 클릭해서 편집하면 돼요.,페이켓의 유전자 종류에요.\n편집을 원하는 유전자의 버튼을 클릭해서 편집하면 돼요.
Tutorial_FirstGeneEdit4,"유전자의 이미지에요!\n왼쪽은 외형에 드러나는 ""우성""유전자,\n오른쪽은 숨어있는 ""열성""유전자예요!","유전자의 이미지에요!\n왼쪽은 외형에 드러나는 ""우성""유전자,\n오른쪽은 숨어있는 ""열성""유전자예요!","유전자의 이미지에요!\n왼쪽은 외형에 드러나는 ""우성""유전자,\n오른쪽은 숨어있는 ""열성""유전자예요!","유전자의 이미지에요!\n왼쪽은 외형에 드러나는 ""우성""유전자,\n오른쪽은 숨어있는 ""열성""유전자예요!","유전자의 이미지에요!\n왼쪽은 외형에 드러나는 ""우성""유전자,\n오른쪽은 숨어있는 ""열성""유전자예요!","유전자의 이미지에요!\n왼쪽은 외형에 드러나는 ""우성""유전자,\n오른쪽은 숨어있는 ""열성""유전자예요!","유전자의 이미지에요!\n왼쪽은 외형에 드러나는 ""우성""유전자,\n오른쪽은 숨어있는 ""열성""유전자예요!"
Tutorial_FirstGeneEdit5,네?오른쪽 유전자가 안보인다고요?,네?오른쪽 유전자가 안보인다고요?,네?오른쪽 유전자가 안보인다고요?,네?오른쪽 유전자가 안보인다고요?,네?오른쪽 유전자가 안보인다고요?,네?오른쪽 유전자가 안보인다고요?,네?오른쪽 유전자가 안보인다고요?
Tutorial_FirstGeneEdit6,잠시만요!\n이걸 드리는걸 깜빡했네요..!,잠시만요!\n이걸 드리는걸 깜빡했네요..!,잠시만요!\n이걸 드리는걸 깜빡했네요..!,잠시만요!\n이걸 드리는걸 깜빡했네요..!,잠시만요!\n이걸 드리는걸 깜빡했네요..!,잠시만요!\n이걸 드리는걸 깜빡했네요..!,잠시만요!\n이걸 드리는걸 깜빡했네요..!
Tutorial_FirstGeneEdit7,"이건 ""유전자 테스터""예요.\n숨어있는 유전자의 정보를 볼 수 있어요.\n숨어있는 유전자를 보거나 편집하고싶으면 꼭 필요해요.","이건 ""유전자 테스터""예요.\n숨어있는 유전자의 정보를 볼 수 있어요.\n숨어있는 유전자를 보거나 편집하고싶으면 꼭 필요해요.","이건 ""유전자 테스터""예요.\n숨어있는 유전자의 정보를 볼 수 있어요.\n숨어있는 유전자를 보거나 편집하고싶으면 꼭 필요해요.","이건 ""유전자 테스터""예요.\n숨어있는 유전자의 정보를 볼 수 있어요.\n숨어있는 유전자를 보거나 편집하고싶으면 꼭 필요해요.","이건 ""유전자 테스터""예요.\n숨어있는 유전자의 정보를 볼 수 있어요.\n숨어있는 유전자를 보거나 편집하고싶으면 꼭 필요해요.","이건 ""유전자 테스터""예요.\n숨어있는 유전자의 정보를 볼 수 있어요.\n숨어있는 유전자를 보거나 편집하고싶으면 꼭 필요해요.","이건 ""유전자 테스터""예요.\n숨어있는 유전자의 정보를 볼 수 있어요.\n숨어있는 유전자를 보거나 편집하고싶으면 꼭 필요해요."
Tutorial_FirstGeneEdit8,한번 사용하면 해당 페이켓의 정보는 언제든 볼 수 있어요!\n한번 사용해 볼까요?,한번 사용하면 해당 페이켓의 정보는 언제든 볼 수 있어요!\n한번 사용해 볼까요?,한번 사용하면 해당 페이켓의 정보는 언제든 볼 수 있어요!\n한번 사용해 볼까요?,한번 사용하면 해당 페이켓의 정보는 언제든 볼 수 있어요!\n한번 사용해 볼까요?,한번 사용하면 해당 페이켓의 정보는 언제든 볼 수 있어요!\n한번 사용해 볼까요?,한번 사용하면 해당 페이켓의 정보는 언제든 볼 수 있어요!\n한번 사용해 볼까요?,한번 사용하면 해당 페이켓의 정보는 언제든 볼 수 있어요!\n한번 사용해 볼까요?
Tutorial_FirstGeneEdit9,좋아요!\n이제 오른쪽 이미지도 잘 보이죠?\n이제 편집을 어떻게 하는건지 알려드릴게요!,좋아요!\n이제 오른쪽 이미지도 잘 보이죠?\n이제 편집을 어떻게 하는건지 알려드릴게요!,좋아요!\n이제 오른쪽 이미지도 잘 보이죠?\n이제 편집을 어떻게 하는건지 알려드릴게요!,좋아요!\n이제 오른쪽 이미지도 잘 보이죠?\n이제 편집을 어떻게 하는건지 알려드릴게요!,좋아요!\n이제 오른쪽 이미지도 잘 보이죠?\n이제 편집을 어떻게 하는건지 알려드릴게요!,좋아요!\n이제 오른쪽 이미지도 잘 보이죠?\n이제 편집을 어떻게 하는건지 알려드릴게요!,좋아요!\n이제 오른쪽 이미지도 잘 보이죠?\n이제 편집을 어떻게 하는건지 알려드릴게요!
Tutorial_FirstGeneEdit10,"이건 ""유전자 가위""예요.\n사용하면 유전자를 잘라낼 수 있어요.\n잘라낸 유전자는 다음 세대에게 전달되지않아요!","이건 ""유전자 가위""예요.\n사용하면 유전자를 잘라낼 수 있어요.\n잘라낸 유전자는 다음 세대에게 전달되지않아요!","이건 ""유전자 가위""예요.\n사용하면 유전자를 잘라낼 수 있어요.\n잘라낸 유전자는 다음 세대에게 전달되지않아요!","이건 ""유전자 가위""예요.\n사용하면 유전자를 잘라낼 수 있어요.\n잘라낸 유전자는 다음 세대에게 전달되지않아요!","이건 ""유전자 가위""예요.\n사용하면 유전자를 잘라낼 수 있어요.\n잘라낸 유전자는 다음 세대에게 전달되지않아요!","이건 ""유전자 가위""예요.\n사용하면 유전자를 잘라낼 수 있어요.\n잘라낸 유전자는 다음 세대에게 전달되지않아요!","이건 ""유전자 가위""예요.\n사용하면 유전자를 잘라낼 수 있어요.\n잘라낸 유전자는 다음 세대에게 전달되지않아요!"
Tutorial_FirstGeneEdit11,"이건 ""유전자 풀""이에요.\n사용하면 잘린 유전자를 다시 붙일 수 있어요.","이건 ""유전자 풀""이에요.\n사용하면 잘린 유전자를 다시 붙일 수 있어요.","이건 ""유전자 풀""이에요.\n사용하면 잘린 유전자를 다시 붙일 수 있어요.","이건 ""유전자 풀""이에요.\n사용하면 잘린 유전자를 다시 붙일 수 있어요.","이건 ""유전자 풀""이에요.\n사용하면 잘린 유전자를 다시 붙일 수 있어요.","이건 ""유전자 풀""이에요.\n사용하면 잘린 유전자를 다시 붙일 수 있어요.","이건 ""유전자 풀""이에요.\n사용하면 잘린 유전자를 다시 붙일 수 있어요."
Tutorial_FirstGeneEdit12,"우성, 열성 유전자를 둘다 자르는건 불가능해요.\n부모는 자식에게 유전자를 하나씩 전달해야 하기 때문이에요.","우성, 열성 유전자를 둘다 자르는건 불가능해요.\n부모는 자식에게 유전자를 하나씩 전달해야 하기 때문이에요.","우성, 열성 유전자를 둘다 자르는건 불가능해요.\n부모는 자식에게 유전자를 하나씩 전달해야 하기 때문이에요.","우성, 열성 유전자를 둘다 자르는건 불가능해요.\n부모는 자식에게 유전자를 하나씩 전달해야 하기 때문이에요.","우성, 열성 유전자를 둘다 자르는건 불가능해요.\n부모는 자식에게 유전자를 하나씩 전달해야 하기 때문이에요.","우성, 열성 유전자를 둘다 자르는건 불가능해요.\n부모는 자식에게 유전자를 하나씩 전달해야 하기 때문이에요.","우성, 열성 유전자를 둘다 자르는건 불가능해요.\n부모는 자식에게 유전자를 하나씩 전달해야 하기 때문이에요."
Tutorial_FirstGeneEdit13,"이곳의 유전자 법칙은 조금 다르게 작동해요!\n부모에게 받은 유전자의 열성, 우성은 랜덤으로 결정돼요!","이곳의 유전자 법칙은 조금 다르게 작동해요!\n부모에게 받은 유전자의 열성, 우성은 랜덤으로 결정돼요!","이곳의 유전자 법칙은 조금 다르게 작동해요!\n부모에게 받은 유전자의 열성, 우성은 랜덤으로 결정돼요!","이곳의 유전자 법칙은 조금 다르게 작동해요!\n부모에게 받은 유전자의 열성, 우성은 랜덤으로 결정돼요!","이곳의 유전자 법칙은 조금 다르게 작동해요!\n부모에게 받은 유전자의 열성, 우성은 랜덤으로 결정돼요!","이곳의 유전자 법칙은 조금 다르게 작동해요!\n부모에게 받은 유전자의 열성, 우성은 랜덤으로 결정돼요!","이곳의 유전자 법칙은 조금 다르게 작동해요!\n부모에게 받은 유전자의 열성, 우성은 랜덤으로 결정돼요!"
Tutorial_FirstGeneEdit14,"부모에게는 ""우성(외형에 드러나는 유전자)"" 였지만 다음 세대에서는 ""열성(숨은 유전자)""가 될 수 있고, 그 반대도 가능해요.","부모에게는 ""우성(외형에 드러나는 유전자)"" 였지만 다음 세대에서는 ""열성(숨은 유전자)""가 될 수 있고, 그 반대도 가능해요.","부모에게는 ""우성(외형에 드러나는 유전자)"" 였지만 다음 세대에서는 ""열성(숨은 유전자)""가 될 수 있고, 그 반대도 가능해요.","부모에게는 ""우성(외형에 드러나는 유전자)"" 였지만 다음 세대에서는 ""열성(숨은 유전자)""가 될 수 있고, 그 반대도 가능해요.","부모에게는 ""우성(외형에 드러나는 유전자)"" 였지만 다음 세대에서는 ""열성(숨은 유전자)""가 될 수 있고, 그 반대도 가능해요.","부모에게는 ""우성(외형에 드러나는 유전자)"" 였지만 다음 세대에서는 ""열성(숨은 유전자)""가 될 수 있고, 그 반대도 가능해요.","부모에게는 ""우성(외형에 드러나는 유전자)"" 였지만 다음 세대에서는 ""열성(숨은 유전자)""가 될 수 있고, 그 반대도 가능해요."
Tutorial_FirstGeneEdit15,하지만!\n자식에게 원하는 유전자를 우성으로 물려주는것도 가능해요!,하지만!\n자식에게 원하는 유전자를 우성으로 물려주는것도 가능해요!,하지만!\n자식에게 원하는 유전자를 우성으로 물려주는것도 가능해요!,하지만!\n자식에게 원하는 유전자를 우성으로 물려주는것도 가능해요!,하지만!\n자식에게 원하는 유전자를 우성으로 물려주는것도 가능해요!,하지만!\n자식에게 원하는 유전자를 우성으로 물려주는것도 가능해요!,하지만!\n자식에게 원하는 유전자를 우성으로 물려주는것도 가능해요!
Tutorial_FirstGeneEdit16,"이건 ""우성 우선권""이에요.\n사용하면 해당 유전자가 전달될 때 우성으로 우선 배치돼요.","이건 ""우성 우선권""이에요.\n사용하면 해당 유전자가 전달될 때 우성으로 우선 배치돼요.","이건 ""우성 우선권""이에요.\n사용하면 해당 유전자가 전달될 때 우성으로 우선 배치돼요.","이건 ""우성 우선권""이에요.\n사용하면 해당 유전자가 전달될 때 우성으로 우선 배치돼요.","이건 ""우성 우선권""이에요.\n사용하면 해당 유전자가 전달될 때 우성으로 우선 배치돼요.","이건 ""우성 우선권""이에요.\n사용하면 해당 유전자가 전달될 때 우성으로 우선 배치돼요.","이건 ""우성 우선권""이에요.\n사용하면 해당 유전자가 전달될 때 우성으로 우선 배치돼요."
Tutorial_FirstGeneEdit17,"단!\n<color=yellow> 교배 상대가 같은 파츠에 우성 우선권을 사용한 경우, 랜덤으로 우성이 결정되니 교배 전에 잘 확인해주세요!</color>","단!\n<color=yellow> 교배 상대가 같은 파츠에 우성 우선권을 사용한 경우, 랜덤으로 우성이 결정되니 교배 전에 잘 확인해주세요!</color>","단!\n<color=yellow> 교배 상대가 같은 파츠에 우성 우선권을 사용한 경우, 랜덤으로 우성이 결정되니 교배 전에 잘 확인해주세요!</color>","단!\n<color=yellow> 교배 상대가 같은 파츠에 우성 우선권을 사용한 경우, 랜덤으로 우성이 결정되니 교배 전에 잘 확인해주세요!</color>","단!\n<color=yellow> 교배 상대가 같은 파츠에 우성 우선권을 사용한 경우, 랜덤으로 우성이 결정되니 교배 전에 잘 확인해주세요!</color>","단!\n<color=yellow> 교배 상대가 같은 파츠에 우성 우선권을 사용한 경우, 랜덤으로 우성이 결정되니 교배 전에 잘 확인해주세요!</color>","단!\n<color=yellow> 교배 상대가 같은 파츠에 우성 우선권을 사용한 경우, 랜덤으로 우성이 결정되니 교배 전에 잘 확인해주세요!</color>"
Tutorial_FirstGeneEdit18,마을의 마이켓 유전자 편집 정보는 교배 후에도 계속 유지된답니다!\n하지만 <color=red>다른 마을의 마이켓의 유전자 편집 정보는 저장되지않으니 참고 해주세요!</color>,마을의 마이켓 유전자 편집 정보는 교배 후에도 계속 유지된답니다!\n하지만 <color=red>다른 마을의 마이켓의 유전자 편집 정보는 저장되지않으니 참고 해주세요!</color>,마을의 마이켓 유전자 편집 정보는 교배 후에도 계속 유지된답니다!\n하지만 <color=red>다른 마을의 마이켓의 유전자 편집 정보는 저장되지않으니 참고 해주세요!</color>,마을의 마이켓 유전자 편집 정보는 교배 후에도 계속 유지된답니다!\n하지만 <color=red>다른 마을의 마이켓의 유전자 편집 정보는 저장되지않으니 참고 해주세요!</color>,마을의 마이켓 유전자 편집 정보는 교배 후에도 계속 유지된답니다!\n하지만 <color=red>다른 마을의 마이켓의 유전자 편집 정보는 저장되지않으니 참고 해주세요!</color>,마을의 마이켓 유전자 편집 정보는 교배 후에도 계속 유지된답니다!\n하지만 <color=red>다른 마을의 마이켓의 유전자 편집 정보는 저장되지않으니 참고 해주세요!</color>,마을의 마이켓 유전자 편집 정보는 교배 후에도 계속 유지된답니다!\n하지만 <color=red>다른 마을의 마이켓의 유전자 편집 정보는 저장되지않으니 참고 해주세요!</color>
Tutorial_FirstGeneEdit19,이 별들은 유전자의 레어등급을 보여줘요.\n등급은 이 유전자가 얼마나 희귀한지만 보여줄 뿐 능력치엔 영향이 없으니 원하는 유전자를 유지하세요!,이 별들은 유전자의 레어등급을 보여줘요.\n등급은 이 유전자가 얼마나 희귀한지만 보여줄 뿐 능력치엔 영향이 없으니 원하는 유전자를 유지하세요!,이 별들은 유전자의 레어등급을 보여줘요.\n등급은 이 유전자가 얼마나 희귀한지만 보여줄 뿐 능력치엔 영향이 없으니 원하는 유전자를 유지하세요!,이 별들은 유전자의 레어등급을 보여줘요.\n등급은 이 유전자가 얼마나 희귀한지만 보여줄 뿐 능력치엔 영향이 없으니 원하는 유전자를 유지하세요!,이 별들은 유전자의 레어등급을 보여줘요.\n등급은 이 유전자가 얼마나 희귀한지만 보여줄 뿐 능력치엔 영향이 없으니 원하는 유전자를 유지하세요!,이 별들은 유전자의 레어등급을 보여줘요.\n등급은 이 유전자가 얼마나 희귀한지만 보여줄 뿐 능력치엔 영향이 없으니 원하는 유전자를 유지하세요!,이 별들은 유전자의 레어등급을 보여줘요.\n등급은 이 유전자가 얼마나 희귀한지만 보여줄 뿐 능력치엔 영향이 없으니 원하는 유전자를 유지하세요!
Tutorial_FirstGeneEdit20,"아!\n특정 몇몇 ""성격"" 유전자는 우성일 때 미니게임에서 특수한 능력을 얻어요!","아!\n특정 몇몇 ""성격"" 유전자는 우성일 때 미니게임에서 특수한 능력을 얻어요!","아!\n특정 몇몇 ""성격"" 유전자는 우성일 때 미니게임에서 특수한 능력을 얻어요!","아!\n특정 몇몇 ""성격"" 유전자는 우성일 때 미니게임에서 특수한 능력을 얻어요!","아!\n특정 몇몇 ""성격"" 유전자는 우성일 때 미니게임에서 특수한 능력을 얻어요!","아!\n특정 몇몇 ""성격"" 유전자는 우성일 때 미니게임에서 특수한 능력을 얻어요!","아!\n특정 몇몇 ""성격"" 유전자는 우성일 때 미니게임에서 특수한 능력을 얻어요!"
Tutorial_FirstGeneEdit21,"여기서 소지중인 아이템의 개수를 확인 할 수 있어요!\n아이템 설명을 다시 보고싶으시다면, 이 아이콘들을 클릭하면 정보가 나오니 참고해 주세요!","여기서 소지중인 아이템의 개수를 확인 할 수 있어요!\n아이템 설명을 다시 보고싶으시다면, 이 아이콘들을 클릭하면 정보가 나오니 참고해 주세요!","여기서 소지중인 아이템의 개수를 확인 할 수 있어요!\n아이템 설명을 다시 보고싶으시다면, 이 아이콘들을 클릭하면 정보가 나오니 참고해 주세요!","여기서 소지중인 아이템의 개수를 확인 할 수 있어요!\n아이템 설명을 다시 보고싶으시다면, 이 아이콘들을 클릭하면 정보가 나오니 참고해 주세요!","여기서 소지중인 아이템의 개수를 확인 할 수 있어요!\n아이템 설명을 다시 보고싶으시다면, 이 아이콘들을 클릭하면 정보가 나오니 참고해 주세요!","여기서 소지중인 아이템의 개수를 확인 할 수 있어요!\n아이템 설명을 다시 보고싶으시다면, 이 아이콘들을 클릭하면 정보가 나오니 참고해 주세요!","여기서 소지중인 아이템의 개수를 확인 할 수 있어요!\n아이템 설명을 다시 보고싶으시다면, 이 아이콘들을 클릭하면 정보가 나오니 참고해 주세요!"
Tutorial_FirstGeneEdit22,앞으로 예쁘고 귀여운 페이켓들을 세상에 많이 퍼트려 주세요!,앞으로 예쁘고 귀여운 페이켓들을 세상에 많이 퍼트려 주세요!,앞으로 예쁘고 귀여운 페이켓들을 세상에 많이 퍼트려 주세요!,앞으로 예쁘고 귀여운 페이켓들을 세상에 많이 퍼트려 주세요!,앞으로 예쁘고 귀여운 페이켓들을 세상에 많이 퍼트려 주세요!,앞으로 예쁘고 귀여운 페이켓들을 세상에 많이 퍼트려 주세요!,앞으로 예쁘고 귀여운 페이켓들을 세상에 많이 퍼트려 주세요!
,,,,,,,
Tutorial_FirstIsland0,어서오세요!\n이곳은 영기아일랜드 입니다!,어서오세요!\n이곳은 영기아일랜드 입니다!,어서오세요!\n이곳은 영기아일랜드 입니다!,어서오세요!\n이곳은 영기아일랜드 입니다!,어서오세요!\n이곳은 영기아일랜드 입니다!,어서오세요!\n이곳은 영기아일랜드 입니다!,어서오세요!\n이곳은 영기아일랜드 입니다!
Tutorial_FirstIsland1,이곳에선 랜덤한 페이켓들을 만날 수 있어요!\n마음에 드는 페이켓에게 선물을 주고 호감도를 올려 다음 세대의 페이켓을 만나봐요!,이곳에선 랜덤한 페이켓들을 만날 수 있어요!\n마음에 드는 페이켓에게 선물을 주고 호감도를 올려 다음 세대의 페이켓을 만나봐요!,이곳에선 랜덤한 페이켓들을 만날 수 있어요!\n마음에 드는 페이켓에게 선물을 주고 호감도를 올려 다음 세대의 페이켓을 만나봐요!,이곳에선 랜덤한 페이켓들을 만날 수 있어요!\n마음에 드는 페이켓에게 선물을 주고 호감도를 올려 다음 세대의 페이켓을 만나봐요!,이곳에선 랜덤한 페이켓들을 만날 수 있어요!\n마음에 드는 페이켓에게 선물을 주고 호감도를 올려 다음 세대의 페이켓을 만나봐요!,이곳에선 랜덤한 페이켓들을 만날 수 있어요!\n마음에 드는 페이켓에게 선물을 주고 호감도를 올려 다음 세대의 페이켓을 만나봐요!,이곳에선 랜덤한 페이켓들을 만날 수 있어요!\n마음에 드는 페이켓에게 선물을 주고 호감도를 올려 다음 세대의 페이켓을 만나봐요!
Tutorial_FirstIsland2,이 버튼을 눌러서 마을에 있는 페이켓을 배치할 수 있어요!\n한번 배치 해 볼까요?,이 버튼을 눌러서 마을에 있는 페이켓을 배치할 수 있어요!\n한번 배치 해 볼까요?,이 버튼을 눌러서 마을에 있는 페이켓을 배치할 수 있어요!\n한번 배치 해 볼까요?,이 버튼을 눌러서 마을에 있는 페이켓을 배치할 수 있어요!\n한번 배치 해 볼까요?,이 버튼을 눌러서 마을에 있는 페이켓을 배치할 수 있어요!\n한번 배치 해 볼까요?,이 버튼을 눌러서 마을에 있는 페이켓을 배치할 수 있어요!\n한번 배치 해 볼까요?,이 버튼을 눌러서 마을에 있는 페이켓을 배치할 수 있어요!\n한번 배치 해 볼까요?
Tutorial_FirstIsland3,좋아요!\n이제 여기서 할 수 있는 것들을 설명드릴게요!,좋아요!\n이제 여기서 할 수 있는 것들을 설명드릴게요!,좋아요!\n이제 여기서 할 수 있는 것들을 설명드릴게요!,좋아요!\n이제 여기서 할 수 있는 것들을 설명드릴게요!,좋아요!\n이제 여기서 할 수 있는 것들을 설명드릴게요!,좋아요!\n이제 여기서 할 수 있는 것들을 설명드릴게요!,좋아요!\n이제 여기서 할 수 있는 것들을 설명드릴게요!
Tutorial_FirstIsland4,여기서도 유전자를 편집할 수 있답니다!\n이곳에서는 상대 페이켓의 유전자 정보도 보고 편집할 수 있어요.,여기서도 유전자를 편집할 수 있답니다!\n이곳에서는 상대 페이켓의 유전자 정보도 보고 편집할 수 있어요.,여기서도 유전자를 편집할 수 있답니다!\n이곳에서는 상대 페이켓의 유전자 정보도 보고 편집할 수 있어요.,여기서도 유전자를 편집할 수 있답니다!\n이곳에서는 상대 페이켓의 유전자 정보도 보고 편집할 수 있어요.,여기서도 유전자를 편집할 수 있답니다!\n이곳에서는 상대 페이켓의 유전자 정보도 보고 편집할 수 있어요.,여기서도 유전자를 편집할 수 있답니다!\n이곳에서는 상대 페이켓의 유전자 정보도 보고 편집할 수 있어요.,여기서도 유전자를 편집할 수 있답니다!\n이곳에서는 상대 페이켓의 유전자 정보도 보고 편집할 수 있어요.
Tutorial_FirstIsland5,하지만 알을 낳고나면 여기서 만난 페이켓은 자신의 마을로 돌아가기때문에 다시 만날 수 없어요..!/n그렇기 때문에 다른 마을의 페이켓에게 사용한 아이템은 일회성 이랍니다!,하지만 알을 낳고나면 여기서 만난 페이켓은 자신의 마을로 돌아가기때문에 다시 만날 수 없어요..!/n그렇기 때문에 다른 마을의 페이켓에게 사용한 아이템은 일회성 이랍니다!,하지만 알을 낳고나면 여기서 만난 페이켓은 자신의 마을로 돌아가기때문에 다시 만날 수 없어요..!/n그렇기 때문에 다른 마을의 페이켓에게 사용한 아이템은 일회성 이랍니다!,하지만 알을 낳고나면 여기서 만난 페이켓은 자신의 마을로 돌아가기때문에 다시 만날 수 없어요..!/n그렇기 때문에 다른 마을의 페이켓에게 사용한 아이템은 일회성 이랍니다!,하지만 알을 낳고나면 여기서 만난 페이켓은 자신의 마을로 돌아가기때문에 다시 만날 수 없어요..!/n그렇기 때문에 다른 마을의 페이켓에게 사용한 아이템은 일회성 이랍니다!,하지만 알을 낳고나면 여기서 만난 페이켓은 자신의 마을로 돌아가기때문에 다시 만날 수 없어요..!/n그렇기 때문에 다른 마을의 페이켓에게 사용한 아이템은 일회성 이랍니다!,하지만 알을 낳고나면 여기서 만난 페이켓은 자신의 마을로 돌아가기때문에 다시 만날 수 없어요..!/n그렇기 때문에 다른 마을의 페이켓에게 사용한 아이템은 일회성 이랍니다!
Tutorial_FirstIsland6,페이켓이 선물을 원하면 아래 이 버튼을 눌러 선물을 주세요!\n선물을 너무 오랫동안 주지않으면 페이켓은 실망할거예요..,페이켓이 선물을 원하면 아래 이 버튼을 눌러 선물을 주세요!\n선물을 너무 오랫동안 주지않으면 페이켓은 실망할거예요..,페이켓이 선물을 원하면 아래 이 버튼을 눌러 선물을 주세요!\n선물을 너무 오랫동안 주지않으면 페이켓은 실망할거예요..,페이켓이 선물을 원하면 아래 이 버튼을 눌러 선물을 주세요!\n선물을 너무 오랫동안 주지않으면 페이켓은 실망할거예요..,페이켓이 선물을 원하면 아래 이 버튼을 눌러 선물을 주세요!\n선물을 너무 오랫동안 주지않으면 페이켓은 실망할거예요..,페이켓이 선물을 원하면 아래 이 버튼을 눌러 선물을 주세요!\n선물을 너무 오랫동안 주지않으면 페이켓은 실망할거예요..,페이켓이 선물을 원하면 아래 이 버튼을 눌러 선물을 주세요!\n선물을 너무 오랫동안 주지않으면 페이켓은 실망할거예요..
Tutorial_FirstIsland7,선물은 미니게임에서 얻을 수 있어요!\n미니게임마다 얻을 수 있는 선물이 다르답니다!,선물은 미니게임에서 얻을 수 있어요!\n미니게임마다 얻을 수 있는 선물이 다르답니다!,선물은 미니게임에서 얻을 수 있어요!\n미니게임마다 얻을 수 있는 선물이 다르답니다!,선물은 미니게임에서 얻을 수 있어요!\n미니게임마다 얻을 수 있는 선물이 다르답니다!,선물은 미니게임에서 얻을 수 있어요!\n미니게임마다 얻을 수 있는 선물이 다르답니다!,선물은 미니게임에서 얻을 수 있어요!\n미니게임마다 얻을 수 있는 선물이 다르답니다!,선물은 미니게임에서 얻을 수 있어요!\n미니게임마다 얻을 수 있는 선물이 다르답니다!
Tutorial_FirstIsland8,"이건 ""만능선물""이에요.\n다른 선물을 원해도 이 선물을 준다면 기뻐할거에요.\n또한, 이 선물은 페이켓이 원하는 선물이 없더라도 줄 수 있어요.","이건 ""만능선물""이에요.\n다른 선물을 원해도 이 선물을 준다면 기뻐할거에요.\n또한, 이 선물은 페이켓이 원하는 선물이 없더라도 줄 수 있어요.","이건 ""만능선물""이에요.\n다른 선물을 원해도 이 선물을 준다면 기뻐할거에요.\n또한, 이 선물은 페이켓이 원하는 선물이 없더라도 줄 수 있어요.","이건 ""만능선물""이에요.\n다른 선물을 원해도 이 선물을 준다면 기뻐할거에요.\n또한, 이 선물은 페이켓이 원하는 선물이 없더라도 줄 수 있어요.","이건 ""만능선물""이에요.\n다른 선물을 원해도 이 선물을 준다면 기뻐할거에요.\n또한, 이 선물은 페이켓이 원하는 선물이 없더라도 줄 수 있어요.","이건 ""만능선물""이에요.\n다른 선물을 원해도 이 선물을 준다면 기뻐할거에요.\n또한, 이 선물은 페이켓이 원하는 선물이 없더라도 줄 수 있어요.","이건 ""만능선물""이에요.\n다른 선물을 원해도 이 선물을 준다면 기뻐할거에요.\n또한, 이 선물은 페이켓이 원하는 선물이 없더라도 줄 수 있어요."
Tutorial_FirstIsland9,"이 버튼은 ""(섬이름)""을 떠나는 버튼이에요.\n이 섬을 떠나면 지금 만난 페이켓은 다시는 만날 수 없어요..!","이 버튼은 ""(섬이름)""을 떠나는 버튼이에요.\n이 섬을 떠나면 지금 만난 페이켓은 다시는 만날 수 없어요..!","이 버튼은 ""(섬이름)""을 떠나는 버튼이에요.\n이 섬을 떠나면 지금 만난 페이켓은 다시는 만날 수 없어요..!","이 버튼은 ""(섬이름)""을 떠나는 버튼이에요.\n이 섬을 떠나면 지금 만난 페이켓은 다시는 만날 수 없어요..!","이 버튼은 ""(섬이름)""을 떠나는 버튼이에요.\n이 섬을 떠나면 지금 만난 페이켓은 다시는 만날 수 없어요..!","이 버튼은 ""(섬이름)""을 떠나는 버튼이에요.\n이 섬을 떠나면 지금 만난 페이켓은 다시는 만날 수 없어요..!","이 버튼은 ""(섬이름)""을 떠나는 버튼이에요.\n이 섬을 떠나면 지금 만난 페이켓은 다시는 만날 수 없어요..!"
Tutorial_FirstIsland10,설명은 여기까지예요!\n귀여운 아기 페이켓을 만나는걸 기대하고 있을게요!,설명은 여기까지예요!\n귀여운 아기 페이켓을 만나는걸 기대하고 있을게요!,설명은 여기까지예요!\n귀여운 아기 페이켓을 만나는걸 기대하고 있을게요!,설명은 여기까지예요!\n귀여운 아기 페이켓을 만나는걸 기대하고 있을게요!,설명은 여기까지예요!\n귀여운 아기 페이켓을 만나는걸 기대하고 있을게요!,설명은 여기까지예요!\n귀여운 아기 페이켓을 만나는걸 기대하고 있을게요!,설명은 여기까지예요!\n귀여운 아기 페이켓을 만나는걸 기대하고 있을게요!
,,,,,,,
Tutorial_FirstMissing0,이런..\n페이켓이 떠나버렸군요..,이런..\n페이켓이 떠나버렸군요..,이런..\n페이켓이 떠나버렸군요..,이런..\n페이켓이 떠나버렸군요..,이런..\n페이켓이 떠나버렸군요..,이런..\n페이켓이 떠나버렸군요..,이런..\n페이켓이 떠나버렸군요..
Tutorial_FirstMissing1,페이켓은 관심을 주지않고 오래 방치하면 떠나버린답니다.,페이켓은 관심을 주지않고 오래 방치하면 떠나버린답니다.,페이켓은 관심을 주지않고 오래 방치하면 떠나버린답니다.,페이켓은 관심을 주지않고 오래 방치하면 떠나버린답니다.,페이켓은 관심을 주지않고 오래 방치하면 떠나버린답니다.,페이켓은 관심을 주지않고 오래 방치하면 떠나버린답니다.,페이켓은 관심을 주지않고 오래 방치하면 떠나버린답니다.
Tutorial_FirstMissing2,하지만 걱정하지 마세요!\n저랑 같이 떠난 페이켓을 다시 데려와봐요!,하지만 걱정하지 마세요!\n저랑 같이 떠난 페이켓을 다시 데려와봐요!,하지만 걱정하지 마세요!\n저랑 같이 떠난 페이켓을 다시 데려와봐요!,하지만 걱정하지 마세요!\n저랑 같이 떠난 페이켓을 다시 데려와봐요!,하지만 걱정하지 마세요!\n저랑 같이 떠난 페이켓을 다시 데려와봐요!,하지만 걱정하지 마세요!\n저랑 같이 떠난 페이켓을 다시 데려와봐요!,하지만 걱정하지 마세요!\n저랑 같이 떠난 페이켓을 다시 데려와봐요!
Tutorial_FirstMissing3,"""실종 포스터"" 아이템을 사용해서 떠난 페이켓을 다시 데려올 수 있어요!\n마침 하나 가지고 있으니 드릴게요!","""실종 포스터"" 아이템을 사용해서 떠난 페이켓을 다시 데려올 수 있어요!\n마침 하나 가지고 있으니 드릴게요!","""실종 포스터"" 아이템을 사용해서 떠난 페이켓을 다시 데려올 수 있어요!\n마침 하나 가지고 있으니 드릴게요!","""실종 포스터"" 아이템을 사용해서 떠난 페이켓을 다시 데려올 수 있어요!\n마침 하나 가지고 있으니 드릴게요!","""실종 포스터"" 아이템을 사용해서 떠난 페이켓을 다시 데려올 수 있어요!\n마침 하나 가지고 있으니 드릴게요!","""실종 포스터"" 아이템을 사용해서 떠난 페이켓을 다시 데려올 수 있어요!\n마침 하나 가지고 있으니 드릴게요!","""실종 포스터"" 아이템을 사용해서 떠난 페이켓을 다시 데려올 수 있어요!\n마침 하나 가지고 있으니 드릴게요!"
Tutorial_FirstMissing4,"""실종 포스터"" 아이템이 없어도 광고를 보고 다시 데려올 수 있답니다.\n하지만 하루에 정해진 횟수가 있으니 참고 해주세요.","""실종 포스터"" 아이템이 없어도 광고를 보고 다시 데려올 수 있답니다.\n하지만 하루에 정해진 횟수가 있으니 참고 해주세요.","""실종 포스터"" 아이템이 없어도 광고를 보고 다시 데려올 수 있답니다.\n하지만 하루에 정해진 횟수가 있으니 참고 해주세요.","""실종 포스터"" 아이템이 없어도 광고를 보고 다시 데려올 수 있답니다.\n하지만 하루에 정해진 횟수가 있으니 참고 해주세요.","""실종 포스터"" 아이템이 없어도 광고를 보고 다시 데려올 수 있답니다.\n하지만 하루에 정해진 횟수가 있으니 참고 해주세요.","""실종 포스터"" 아이템이 없어도 광고를 보고 다시 데려올 수 있답니다.\n하지만 하루에 정해진 횟수가 있으니 참고 해주세요.","""실종 포스터"" 아이템이 없어도 광고를 보고 다시 데려올 수 있답니다.\n하지만 하루에 정해진 횟수가 있으니 참고 해주세요."
Tutorial_FirstMissing5,자!\n그럼 이제 떠난 페이켓을 데려오도록 할까요?,자!\n그럼 이제 떠난 페이켓을 데려오도록 할까요?,자!\n그럼 이제 떠난 페이켓을 데려오도록 할까요?,자!\n그럼 이제 떠난 페이켓을 데려오도록 할까요?,자!\n그럼 이제 떠난 페이켓을 데려오도록 할까요?,자!\n그럼 이제 떠난 페이켓을 데려오도록 할까요?,자!\n그럼 이제 떠난 페이켓을 데려오도록 할까요?
,,,,,,,
Tutorial_SecretReward,튜토리얼을 본 당신에게만 주는 보상!,튜토리얼을 본 당신에게만 주는 보상!,튜토리얼을 본 당신에게만 주는 보상!,튜토리얼을 본 당신에게만 주는 보상!,튜토리얼을 본 당신에게만 주는 보상!,튜토리얼을 본 당신에게만 주는 보상!,튜토리얼을 본 당신에게만 주는 보상!
,,,,,,,
Name_Unknown,???,???,???,???,???,???,???
Name_Eva,이파,Eva,Eva,Eva,Eva,Eva,Eva